,neighborhood,year,tree_count,species_count
0,Bayshore,1956.0,2,1
1,Bayshore,1972.0,67,29
2,Bayshore,1973.0,1,1
3,Bayshore,1974.0,1,1
4,Bayshore,1975.0,1,1
5,Bayshore,1977.0,3,2
6,Bayshore,1978.0,2,2
7,Bayshore,1979.0,1,1
8,Bayshore,1980.0,2,2
9,Bayshore,1982.0,1,1
10,Bayshore,1983.0,1,1
11,Bayshore,1984.0,32,5
12,Bayshore,1985.0,3,2
13,Bayshore,1987.0,2,2
14,Bayshore,1988.0,1,1
15,Bayshore,1989.0,4,4
16,Bayshore,1991.0,21,6
17,Bayshore,1992.0,29,16
18,Bayshore,1993.0,22,13
19,Bayshore,1994.0,41,17
20,Bayshore,1995.0,37,7
21,Bayshore,1996.0,35,9
22,Bayshore,1997.0,38,9
23,Bayshore,1998.0,187,39
24,Bayshore,1999.0,82,28
25,Bayshore,2000.0,261,55
26,Bayshore,2001.0,98,14
27,Bayshore,2002.0,86,28
28,Bayshore,2003.0,97,36
29,Bayshore,2004.0,13,9
30,Bayshore,2005.0,29,13
31,Bayshore,2006.0,27,11
32,Bayshore,2007.0,54,9
33,Bayshore,2008.0,114,34
34,Bayshore,2009.0,92,23
35,Bayshore,2010.0,26,11
36,Bayshore,2011.0,56,21
37,Bayshore,2012.0,13,10
38,Bayshore,2013.0,15,9
39,Bayshore,2014.0,33,20
40,Bayshore,2015.0,102,30
41,Bayshore,2016.0,20,12
42,Bayshore,2017.0,118,23
43,Bayshore,2018.0,46,28
44,Bayshore,2019.0,65,18
45,Bayshore,2020.0,4,2
46,Bayview,1969.0,2,2
47,Bayview,1972.0,39,12
48,Bayview,1973.0,12,2
49,Bayview,1974.0,1,1
50,Bayview,1981.0,17,3
51,Bayview,1982.0,58,13
52,Bayview,1983.0,34,8
53,Bayview,1985.0,10,7
54,Bayview,1988.0,37,15
55,Bayview,1989.0,5,5
56,Bayview,1990.0,79,31
57,Bayview,1991.0,7,4
58,Bayview,1992.0,148,32
59,Bayview,1993.0,52,21
60,Bayview,1994.0,5,4
61,Bayview,1995.0,110,18
62,Bayview,1996.0,76,23
63,Bayview,1997.0,121,34
64,Bayview,1998.0,394,60
65,Bayview,1999.0,184,40
66,Bayview,2000.0,118,37
67,Bayview,2001.0,48,20
68,Bayview,2002.0,106,38
69,Bayview,2003.0,87,26
70,Bayview,2004.0,95,33
71,Bayview,2005.0,81,31
72,Bayview,2006.0,554,54
73,Bayview,2007.0,190,25
74,Bayview,2008.0,258,40
75,Bayview,2009.0,154,48
76,Bayview,2010.0,131,30
77,Bayview,2011.0,104,31
78,Bayview,2012.0,109,25
79,Bayview,2013.0,62,15
80,Bayview,2014.0,60,18
81,Bayview,2015.0,108,31
82,Bayview,2016.0,101,34
83,Bayview,2017.0,196,33
84,Bayview,2018.0,56,23
85,Bayview,2019.0,69,22
86,Castro,1969.0,7,6
87,Castro,1970.0,5,4
88,Castro,1972.0,23,16
89,Castro,1973.0,22,9
90,Castro,1974.0,20,15
91,Castro,1975.0,5,5
92,Castro,1976.0,15,8
93,Castro,1977.0,5,4
94,Castro,1978.0,4,2
95,Castro,1979.0,2,2
96,Castro,1980.0,4,4
97,Castro,1981.0,23,11
98,Castro,1982.0,16,5
99,Castro,1983.0,24,6
100,Castro,1984.0,80,11
101,Castro,1985.0,14,8
102,Castro,1986.0,46,10
103,Castro,1987.0,99,24
104,Castro,1988.0,14,10
105,Castro,1989.0,31,10
106,Castro,1990.0,28,12
107,Castro,1991.0,47,16
108,Castro,1992.0,78,29
109,Castro,1993.0,115,24
110,Castro,1994.0,4,4
111,Castro,1995.0,200,37
112,Castro,1996.0,124,39
113,Castro,1997.0,39,20
114,Castro,1998.0,231,44
115,Castro,1999.0,68,36
116,Castro,2000.0,199,34
117,Castro,2001.0,33,23
118,Castro,2002.0,79,41
119,Castro,2003.0,81,33
120,Castro,2004.0,39,22
121,Castro,2005.0,84,30
122,Castro,2006.0,60,26
123,Castro,2007.0,33,19
124,Castro,2008.0,305,64
125,Castro,2009.0,75,34
126,Castro,2010.0,70,33
127,Castro,2011.0,116,37
128,Castro,2012.0,82,32
129,Castro,2013.0,29,15
130,Castro,2014.0,51,26
131,Castro,2015.0,81,39
132,Castro,2016.0,106,45
133,Castro,2017.0,44,23
134,Castro,2018.0,50,25
135,Castro,2019.0,40,17
136,Chinatown,1955.0,2,1
137,Chinatown,1956.0,3,1
138,Chinatown,1972.0,5,2
139,Chinatown,1974.0,1,1
140,Chinatown,1976.0,1,1
141,Chinatown,1977.0,1,1
142,Chinatown,1978.0,6,5
143,Chinatown,1981.0,1,1
144,Chinatown,1982.0,2,2
145,Chinatown,1983.0,2,2
146,Chinatown,1985.0,1,1
147,Chinatown,1986.0,1,1
148,Chinatown,1987.0,1,1
149,Chinatown,1988.0,6,5
150,Chinatown,1989.0,21,12
151,Chinatown,1990.0,1,1
152,Chinatown,1991.0,6,5
153,Chinatown,1993.0,8,6
154,Chinatown,1995.0,13,6
155,Chinatown,1996.0,41,13
156,Chinatown,1997.0,3,3
157,Chinatown,1998.0,9,2
158,Chinatown,1999.0,3,2
159,Chinatown,2000.0,15,4
160,Chinatown,2001.0,2,2
161,Chinatown,2002.0,5,4
162,Chinatown,2003.0,3,3
163,Chinatown,2005.0,7,5
164,Chinatown,2006.0,6,4
165,Chinatown,2007.0,2,2
166,Chinatown,2008.0,16,6
167,Chinatown,2009.0,16,6
168,Chinatown,2010.0,1,1
169,Chinatown,2011.0,14,4
170,Chinatown,2012.0,21,3
171,Chinatown,2013.0,5,3
172,Chinatown,2014.0,5,3
173,Chinatown,2015.0,4,3
174,Chinatown,2016.0,11,4
175,Chinatown,2017.0,1,1
176,Chinatown,2018.0,5,2
177,Financial District,1956.0,6,1
178,Financial District,1969.0,1,1
179,Financial District,1972.0,1,1
180,Financial District,1973.0,1,1
181,Financial District,1974.0,1,1
182,Financial District,1976.0,1,1
183,Financial District,1977.0,2,2
184,Financial District,1980.0,1,1
185,Financial District,1981.0,1,1
186,Financial District,1985.0,1,1
187,Financial District,1989.0,4,3
188,Financial District,1992.0,2,1
189,Financial District,1993.0,5,3
190,Financial District,1994.0,36,4
191,Financial District,1995.0,115,10
192,Financial District,1996.0,52,6
193,Financial District,1997.0,2,2
194,Financial District,1998.0,9,2
195,Financial District,1999.0,4,2
196,Financial District,2000.0,118,6
197,Financial District,2001.0,105,3
198,Financial District,2002.0,14,5
199,Financial District,2003.0,13,7
200,Financial District,2004.0,4,3
201,Financial District,2005.0,4,2
202,Financial District,2006.0,5,4
203,Financial District,2007.0,5,3
204,Financial District,2009.0,15,1
205,Financial District,2010.0,9,3
206,Financial District,2011.0,27,8
207,Financial District,2012.0,12,4
208,Financial District,2013.0,14,5
209,Financial District,2014.0,14,9
210,Financial District,2015.0,7,5
211,Financial District,2016.0,10,6
212,Financial District,2017.0,7,4
213,Financial District,2018.0,14,3
214,Financial District,2019.0,1,1
215,Ingleside,1969.0,5,3
216,Ingleside,1974.0,10,8
217,Ingleside,1975.0,1,1
218,Ingleside,1977.0,17,9
219,Ingleside,1978.0,6,2
220,Ingleside,1979.0,1,1
221,Ingleside,1980.0,7,6
222,Ingleside,1981.0,4,3
223,Ingleside,1982.0,30,6
224,Ingleside,1983.0,28,7
225,Ingleside,1985.0,108,24
226,Ingleside,1986.0,59,14
227,Ingleside,1987.0,2,2
228,Ingleside,1988.0,6,6
229,Ingleside,1989.0,62,24
230,Ingleside,1990.0,116,32
231,Ingleside,1991.0,29,14
232,Ingleside,1992.0,109,23
233,Ingleside,1993.0,130,34
234,Ingleside,1994.0,118,39
235,Ingleside,1995.0,306,45
236,Ingleside,1996.0,126,28
237,Ingleside,1997.0,182,24
238,Ingleside,1998.0,484,51
239,Ingleside,1999.0,159,38
240,Ingleside,2000.0,371,54
241,Ingleside,2001.0,101,29
242,Ingleside,2002.0,140,45
243,Ingleside,2003.0,370,48
244,Ingleside,2004.0,28,20
245,Ingleside,2005.0,115,29
246,Ingleside,2006.0,73,28
247,Ingleside,2007.0,96,26
248,Ingleside,2008.0,164,40
249,Ingleside,2009.0,61,25
250,Ingleside,2010.0,62,25
251,Ingleside,2011.0,159,39
252,Ingleside,2012.0,45,16
253,Ingleside,2013.0,35,14
254,Ingleside,2014.0,64,24
255,Ingleside,2015.0,168,45
256,Ingleside,2016.0,106,39
257,Ingleside,2017.0,450,40
258,Ingleside,2018.0,103,31
259,Ingleside,2019.0,61,22
260,Ingleside,2020.0,8,2
261,Inner Richmond,1956.0,25,1
262,Inner Richmond,1969.0,12,10
263,Inner Richmond,1970.0,5,3
264,Inner Richmond,1972.0,38,18
265,Inner Richmond,1973.0,79,28
266,Inner Richmond,1974.0,8,6
267,Inner Richmond,1975.0,1,1
268,Inner Richmond,1976.0,2,2
269,Inner Richmond,1977.0,8,5
270,Inner Richmond,1978.0,14,7
271,Inner Richmond,1979.0,7,6
272,Inner Richmond,1980.0,82,20
273,Inner Richmond,1981.0,9,8
274,Inner Richmond,1982.0,19,8
275,Inner Richmond,1983.0,40,10
276,Inner Richmond,1984.0,62,15
277,Inner Richmond,1985.0,42,12
278,Inner Richmond,1986.0,24,7
279,Inner Richmond,1987.0,34,13
280,Inner Richmond,1988.0,15,8
281,Inner Richmond,1989.0,22,10
282,Inner Richmond,1990.0,46,17
283,Inner Richmond,1991.0,44,16
284,Inner Richmond,1992.0,109,38
285,Inner Richmond,1993.0,174,43
286,Inner Richmond,1994.0,51,16
287,Inner Richmond,1995.0,66,26
288,Inner Richmond,1996.0,117,25
289,Inner Richmond,1997.0,41,16
290,Inner Richmond,1998.0,196,46
291,Inner Richmond,1999.0,54,19
292,Inner Richmond,2000.0,189,48
293,Inner Richmond,2001.0,65,25
294,Inner Richmond,2002.0,141,40
295,Inner Richmond,2003.0,39,26
296,Inner Richmond,2004.0,54,23
297,Inner Richmond,2005.0,77,28
298,Inner Richmond,2006.0,37,17
299,Inner Richmond,2007.0,47,23
300,Inner Richmond,2008.0,486,44
301,Inner Richmond,2009.0,33,20
302,Inner Richmond,2010.0,79,28
303,Inner Richmond,2011.0,48,21
304,Inner Richmond,2012.0,64,29
305,Inner Richmond,2013.0,48,18
306,Inner Richmond,2014.0,78,34
307,Inner Richmond,2015.0,75,37
308,Inner Richmond,2016.0,65,28
309,Inner Richmond,2017.0,32,21
310,Inner Richmond,2018.0,86,32
311,Inner Richmond,2019.0,27,18
312,Lake Merced,1969.0,1,1
313,Lake Merced,1986.0,1,1
314,Lake Merced,1990.0,9,5
315,Lake Merced,1991.0,2,2
316,Lake Merced,1992.0,12,6
317,Lake Merced,1993.0,7,3
318,Lake Merced,1994.0,31,8
319,Lake Merced,1995.0,81,19
320,Lake Merced,1996.0,7,4
321,Lake Merced,1997.0,5,4
322,Lake Merced,1998.0,101,19
323,Lake Merced,1999.0,12,7
324,Lake Merced,2000.0,60,14
325,Lake Merced,2001.0,127,24
326,Lake Merced,2002.0,103,20
327,Lake Merced,2003.0,23,12
328,Lake Merced,2004.0,16,9
329,Lake Merced,2005.0,13,6
330,Lake Merced,2006.0,84,26
331,Lake Merced,2007.0,96,12
332,Lake Merced,2008.0,107,19
333,Lake Merced,2009.0,33,10
334,Lake Merced,2010.0,15,6
335,Lake Merced,2011.0,8,2
336,Lake Merced,2012.0,12,3
337,Lake Merced,2013.0,62,15
338,Lake Merced,2014.0,23,12
339,Lake Merced,2015.0,39,14
340,Lake Merced,2016.0,41,15
341,Lake Merced,2017.0,26,13
342,Lake Merced,2018.0,10,8
343,Lake Merced,2019.0,19,7
344,Lake Merced,2020.0,2,1
345,Lower Pacific Heights,1956.0,3,1
346,Lower Pacific Heights,1969.0,1,1
347,Lower Pacific Heights,1970.0,1,1
348,Lower Pacific Heights,1972.0,21,9
349,Lower Pacific Heights,1973.0,12,6
350,Lower Pacific Heights,1974.0,8,6
351,Lower Pacific Heights,1975.0,2,2
352,Lower Pacific Heights,1976.0,15,12
353,Lower Pacific Heights,1977.0,7,4
354,Lower Pacific Heights,1978.0,8,7
355,Lower Pacific Heights,1979.0,4,3
356,Lower Pacific Heights,1980.0,6,4
357,Lower Pacific Heights,1981.0,12,6
358,Lower Pacific Heights,1982.0,31,11
359,Lower Pacific Heights,1983.0,14,12
360,Lower Pacific Heights,1984.0,13,9
361,Lower Pacific Heights,1985.0,9,7
362,Lower Pacific Heights,1986.0,36,12
363,Lower Pacific Heights,1987.0,36,15
364,Lower Pacific Heights,1988.0,23,16
365,Lower Pacific Heights,1989.0,34,17
366,Lower Pacific Heights,1990.0,97,23
367,Lower Pacific Heights,1991.0,62,18
368,Lower Pacific Heights,1992.0,105,24
369,Lower Pacific Heights,1993.0,44,20
370,Lower Pacific Heights,1994.0,47,16
371,Lower Pacific Heights,1995.0,83,20
372,Lower Pacific Heights,1996.0,29,12
373,Lower Pacific Heights,1997.0,124,32
374,Lower Pacific Heights,1998.0,113,37
375,Lower Pacific Heights,1999.0,101,28
376,Lower Pacific Heights,2000.0,82,36
377,Lower Pacific Heights,2001.0,83,22
378,Lower Pacific Heights,2002.0,77,34
379,Lower Pacific Heights,2003.0,86,27
380,Lower Pacific Heights,2004.0,47,21
381,Lower Pacific Heights,2005.0,106,30
382,Lower Pacific Heights,2006.0,50,22
383,Lower Pacific Heights,2007.0,77,23
384,Lower Pacific Heights,2008.0,139,32
385,Lower Pacific Heights,2009.0,64,17
386,Lower Pacific Heights,2010.0,41,22
387,Lower Pacific Heights,2011.0,62,22
388,Lower Pacific Heights,2012.0,77,22
389,Lower Pacific Heights,2013.0,80,21
390,Lower Pacific Heights,2014.0,57,23
391,Lower Pacific Heights,2015.0,96,32
392,Lower Pacific Heights,2016.0,75,32
393,Lower Pacific Heights,2017.0,26,17
394,Lower Pacific Heights,2018.0,76,26
395,Lower Pacific Heights,2019.0,12,10
396,Lower Pacific Heights,2020.0,1,1
397,Marina,1956.0,21,9
398,Marina,1969.0,12,5
399,Marina,1970.0,1,1
400,Marina,1972.0,29,13
401,Marina,1973.0,23,5
402,Marina,1974.0,1,1
403,Marina,1976.0,7,3
404,Marina,1977.0,7,5
405,Marina,1978.0,5,3
406,Marina,1979.0,11,8
407,Marina,1980.0,9,5
408,Marina,1981.0,15,13
409,Marina,1982.0,8,6
410,Marina,1983.0,7,6
411,Marina,1984.0,7,5
412,Marina,1985.0,39,16
413,Marina,1986.0,9,5
414,Marina,1987.0,11,5
415,Marina,1988.0,27,11
416,Marina,1989.0,35,14
417,Marina,1990.0,136,22
418,Marina,1991.0,13,8
419,Marina,1992.0,9,7
420,Marina,1993.0,60,23
421,Marina,1994.0,73,27
422,Marina,1995.0,31,16
423,Marina,1996.0,62,25
424,Marina,1997.0,59,20
425,Marina,1998.0,34,16
426,Marina,1999.0,64,30
427,Marina,2000.0,62,24
428,Marina,2001.0,17,12
429,Marina,2002.0,89,27
430,Marina,2003.0,38,13
431,Marina,2004.0,26,16
432,Marina,2005.0,29,16
433,Marina,2006.0,40,19
434,Marina,2007.0,35,13
435,Marina,2008.0,105,37
436,Marina,2009.0,43,19
437,Marina,2010.0,30,16
438,Marina,2011.0,42,15
439,Marina,2012.0,16,11
440,Marina,2013.0,36,21
441,Marina,2014.0,61,20
442,Marina,2015.0,74,23
443,Marina,2016.0,44,20
444,Marina,2017.0,9,8
445,Marina,2018.0,32,17
446,Marina,2019.0,13,9
447,Marina,2020.0,3,1
448,Mission,1973.0,12,9
449,Mission,1974.0,3,3
450,Mission,1976.0,10,10
451,Mission,1977.0,2,2
452,Mission,1979.0,3,3
453,Mission,1980.0,12,6
454,Mission,1981.0,23,9
455,Mission,1982.0,29,10
456,Mission,1983.0,98,19
457,Mission,1984.0,25,7
458,Mission,1985.0,64,10
459,Mission,1986.0,165,22
460,Mission,1987.0,244,33
461,Mission,1988.0,64,23
462,Mission,1989.0,71,28
463,Mission,1990.0,54,20
464,Mission,1991.0,136,37
465,Mission,1992.0,187,38
466,Mission,1993.0,78,30
467,Mission,1994.0,156,42
468,Mission,1995.0,193,37
469,Mission,1996.0,368,58
470,Mission,1997.0,262,53
471,Mission,1998.0,464,72
472,Mission,1999.0,223,53
473,Mission,2000.0,268,55
474,Mission,2001.0,164,44
475,Mission,2002.0,255,57
476,Mission,2003.0,235,56
477,Mission,2004.0,136,39
478,Mission,2005.0,225,60
479,Mission,2006.0,122,38
480,Mission,2007.0,355,50
481,Mission,2008.0,268,51
482,Mission,2009.0,194,55
483,Mission,2010.0,85,35
484,Mission,2011.0,176,53
485,Mission,2012.0,74,34
486,Mission,2013.0,64,25
487,Mission,2014.0,115,36
488,Mission,2015.0,271,65
489,Mission,2016.0,176,64
490,Mission,2017.0,84,41
491,Mission,2018.0,97,41
492,Mission,2019.0,42,19
493,Mission,2020.0,2,2
494,Nob Hill,1956.0,4,1
495,Nob Hill,1969.0,13,4
496,Nob Hill,1972.0,5,5
497,Nob Hill,1973.0,1,1
498,Nob Hill,1974.0,2,1
499,Nob Hill,1976.0,10,7
500,Nob Hill,1977.0,4,4
501,Nob Hill,1978.0,3,3
502,Nob Hill,1979.0,6,3
503,Nob Hill,1980.0,10,2
504,Nob Hill,1981.0,5,4
505,Nob Hill,1982.0,11,4
506,Nob Hill,1983.0,6,5
507,Nob Hill,1984.0,3,3
508,Nob Hill,1985.0,7,2
509,Nob Hill,1986.0,44,14
510,Nob Hill,1987.0,15,10
511,Nob Hill,1988.0,16,10
512,Nob Hill,1989.0,27,11
513,Nob Hill,1990.0,54,16
514,Nob Hill,1991.0,50,23
515,Nob Hill,1992.0,42,18
516,Nob Hill,1993.0,28,16
517,Nob Hill,1994.0,48,22
518,Nob Hill,1995.0,103,26
519,Nob Hill,1996.0,47,17
520,Nob Hill,1997.0,51,15
521,Nob Hill,1998.0,103,31
522,Nob Hill,1999.0,34,15
523,Nob Hill,2000.0,104,36
524,Nob Hill,2001.0,14,11
525,Nob Hill,2002.0,73,20
526,Nob Hill,2003.0,68,21
527,Nob Hill,2004.0,28,15
528,Nob Hill,2005.0,87,26
529,Nob Hill,2006.0,45,18
530,Nob Hill,2007.0,38,19
531,Nob Hill,2008.0,143,28
532,Nob Hill,2009.0,143,19
533,Nob Hill,2010.0,25,12
534,Nob Hill,2011.0,62,25
535,Nob Hill,2012.0,64,19
536,Nob Hill,2013.0,80,18
537,Nob Hill,2014.0,63,17
538,Nob Hill,2015.0,43,19
539,Nob Hill,2016.0,55,23
540,Nob Hill,2017.0,37,10
541,Nob Hill,2018.0,50,23
542,Nob Hill,2019.0,30,11
543,Nob Hill,2020.0,2,1
544,North Beach,1956.0,47,12
545,North Beach,1969.0,2,2
546,North Beach,1972.0,2,2
547,North Beach,1973.0,2,2
548,North Beach,1974.0,2,2
549,North Beach,1978.0,3,2
550,North Beach,1980.0,8,4
551,North Beach,1981.0,1,1
552,North Beach,1982.0,2,2
553,North Beach,1983.0,23,5
554,North Beach,1984.0,1,1
555,North Beach,1985.0,5,4
556,North Beach,1986.0,5,4
557,North Beach,1987.0,22,8
558,North Beach,1988.0,22,11
559,North Beach,1989.0,6,5
560,North Beach,1990.0,30,14
561,North Beach,1991.0,9,8
562,North Beach,1992.0,14,9
563,North Beach,1993.0,37,13
564,North Beach,1994.0,5,5
565,North Beach,1995.0,54,27
566,North Beach,1996.0,33,16
567,North Beach,1997.0,44,19
568,North Beach,1998.0,15,10
569,North Beach,1999.0,28,14
570,North Beach,2000.0,29,14
571,North Beach,2001.0,33,8
572,North Beach,2002.0,41,12
573,North Beach,2003.0,10,8
574,North Beach,2004.0,6,5
575,North Beach,2005.0,17,9
576,North Beach,2006.0,44,18
577,North Beach,2007.0,10,7
578,North Beach,2008.0,25,17
579,North Beach,2009.0,23,10
580,North Beach,2010.0,9,7
581,North Beach,2011.0,20,14
582,North Beach,2012.0,11,8
583,North Beach,2013.0,25,14
584,North Beach,2014.0,14,8
585,North Beach,2015.0,61,23
586,North Beach,2016.0,97,19
587,North Beach,2017.0,20,11
588,North Beach,2018.0,23,11
589,North Beach,2019.0,14,11
590,North Beach,2020.0,10,4
591,Outer Richmond,1955.0,3,2
592,Outer Richmond,1969.0,3,2
593,Outer Richmond,1972.0,30,19
594,Outer Richmond,1973.0,35,12
595,Outer Richmond,1974.0,4,2
596,Outer Richmond,1976.0,1,1
597,Outer Richmond,1977.0,4,4
598,Outer Richmond,1978.0,3,2
599,Outer Richmond,1979.0,3,2
600,Outer Richmond,1980.0,3,3
601,Outer Richmond,1981.0,3,1
602,Outer Richmond,1982.0,42,11
603,Outer Richmond,1983.0,1,1
604,Outer Richmond,1984.0,17,9
605,Outer Richmond,1985.0,12,5
606,Outer Richmond,1986.0,44,22
607,Outer Richmond,1987.0,8,7
608,Outer Richmond,1988.0,3,3
609,Outer Richmond,1989.0,74,16
610,Outer Richmond,1990.0,15,13
611,Outer Richmond,1991.0,11,8
612,Outer Richmond,1992.0,76,25
613,Outer Richmond,1993.0,147,38
614,Outer Richmond,1994.0,69,17
615,Outer Richmond,1995.0,43,17
616,Outer Richmond,1996.0,78,32
617,Outer Richmond,1997.0,95,29
618,Outer Richmond,1998.0,83,26
619,Outer Richmond,1999.0,44,21
620,Outer Richmond,2000.0,134,37
621,Outer Richmond,2001.0,45,23
622,Outer Richmond,2002.0,133,42
623,Outer Richmond,2003.0,48,20
624,Outer Richmond,2004.0,43,21
625,Outer Richmond,2005.0,46,23
626,Outer Richmond,2006.0,37,19
627,Outer Richmond,2007.0,74,22
628,Outer Richmond,2008.0,176,57
629,Outer Richmond,2009.0,61,18
630,Outer Richmond,2010.0,44,18
631,Outer Richmond,2011.0,141,31
632,Outer Richmond,2012.0,20,13
633,Outer Richmond,2013.0,39,16
634,Outer Richmond,2014.0,54,22
635,Outer Richmond,2015.0,77,30
636,Outer Richmond,2016.0,71,26
637,Outer Richmond,2017.0,27,17
638,Outer Richmond,2018.0,129,30
639,Outer Richmond,2019.0,98,27
640,Outer Richmond,2020.0,75,21
641,Panhandle,1969.0,7,6
642,Panhandle,1972.0,43,19
643,Panhandle,1973.0,10,6
644,Panhandle,1974.0,18,11
645,Panhandle,1975.0,1,1
646,Panhandle,1976.0,3,3
647,Panhandle,1977.0,5,5
648,Panhandle,1978.0,8,7
649,Panhandle,1979.0,44,19
650,Panhandle,1980.0,9,8
651,Panhandle,1981.0,34,12
652,Panhandle,1982.0,13,5
653,Panhandle,1983.0,50,23
654,Panhandle,1984.0,9,6
655,Panhandle,1985.0,42,9
656,Panhandle,1986.0,66,13
657,Panhandle,1987.0,71,25
658,Panhandle,1988.0,66,20
659,Panhandle,1989.0,21,13
660,Panhandle,1990.0,44,15
661,Panhandle,1991.0,57,19
662,Panhandle,1992.0,120,32
663,Panhandle,1993.0,42,21
664,Panhandle,1994.0,56,25
665,Panhandle,1995.0,114,26
666,Panhandle,1996.0,91,30
667,Panhandle,1997.0,28,15
668,Panhandle,1998.0,93,32
669,Panhandle,1999.0,92,32
670,Panhandle,2000.0,90,36
671,Panhandle,2001.0,109,36
672,Panhandle,2002.0,98,28
673,Panhandle,2003.0,77,34
674,Panhandle,2004.0,68,28
675,Panhandle,2005.0,79,32
676,Panhandle,2006.0,42,16
677,Panhandle,2007.0,80,29
678,Panhandle,2008.0,192,48
679,Panhandle,2009.0,48,16
680,Panhandle,2010.0,53,29
681,Panhandle,2011.0,52,19
682,Panhandle,2012.0,33,14
683,Panhandle,2013.0,29,20
684,Panhandle,2014.0,68,29
685,Panhandle,2015.0,98,43
686,Panhandle,2016.0,87,44
687,Panhandle,2017.0,40,19
688,Panhandle,2018.0,34,22
689,Panhandle,2019.0,21,10
690,Portola,1956.0,1,1
691,Portola,1972.0,6,3
692,Portola,1977.0,3,2
693,Portola,1978.0,1,1
694,Portola,1987.0,16,3
695,Portola,1988.0,3,3
696,Portola,1989.0,2,2
697,Portola,1990.0,48,16
698,Portola,1991.0,3,2
699,Portola,1992.0,24,8
700,Portola,1993.0,29,16
701,Portola,1994.0,1,1
702,Portola,1995.0,21,9
703,Portola,1996.0,136,22
704,Portola,1997.0,5,5
705,Portola,1998.0,62,24
706,Portola,1999.0,156,25
707,Portola,2000.0,178,28
708,Portola,2001.0,66,18
709,Portola,2002.0,191,36
710,Portola,2003.0,179,27
711,Portola,2004.0,12,8
712,Portola,2005.0,75,19
713,Portola,2006.0,76,18
714,Portola,2007.0,52,26
715,Portola,2008.0,114,27
716,Portola,2009.0,52,22
717,Portola,2010.0,25,7
718,Portola,2011.0,9,7
719,Portola,2012.0,51,18
720,Portola,2013.0,45,17
721,Portola,2014.0,18,10
722,Portola,2015.0,34,20
723,Portola,2016.0,47,15
724,Portola,2017.0,10,8
725,Portola,2018.0,27,17
726,Portola,2019.0,7,5
727,Rincon Hill,1969.0,1,1
728,Rincon Hill,1974.0,1,1
729,Rincon Hill,1980.0,1,1
730,Rincon Hill,1981.0,1,1
731,Rincon Hill,1983.0,1,1
732,Rincon Hill,1984.0,1,1
733,Rincon Hill,1986.0,3,2
734,Rincon Hill,1988.0,1,1
735,Rincon Hill,1989.0,1,1
736,Rincon Hill,1990.0,2,2
737,Rincon Hill,1991.0,4,2
738,Rincon Hill,1992.0,4,2
739,Rincon Hill,1993.0,3,1
740,Rincon Hill,1994.0,1,1
741,Rincon Hill,1995.0,3,1
742,Rincon Hill,1996.0,25,6
743,Rincon Hill,1997.0,32,5
744,Rincon Hill,1998.0,22,4
745,Rincon Hill,1999.0,20,1
746,Rincon Hill,2000.0,46,8
747,Rincon Hill,2001.0,66,7
748,Rincon Hill,2002.0,46,7
749,Rincon Hill,2003.0,73,9
750,Rincon Hill,2004.0,16,4
751,Rincon Hill,2005.0,43,6
752,Rincon Hill,2006.0,28,6
753,Rincon Hill,2007.0,16,4
754,Rincon Hill,2008.0,7,3
755,Rincon Hill,2009.0,3,2
756,Rincon Hill,2010.0,12,3
757,Rincon Hill,2011.0,2,2
758,Rincon Hill,2012.0,24,6
759,Rincon Hill,2013.0,8,3
760,Rincon Hill,2014.0,26,9
761,Rincon Hill,2015.0,59,10
762,Rincon Hill,2016.0,25,9
763,Rincon Hill,2017.0,17,4
764,Rincon Hill,2018.0,3,2
765,Rincon Hill,2019.0,19,5
766,SoMa,1974.0,2,2
767,SoMa,1976.0,9,4
768,SoMa,1977.0,3,3
769,SoMa,1978.0,5,3
770,SoMa,1980.0,4,4
771,SoMa,1981.0,9,6
772,SoMa,1982.0,6,6
773,SoMa,1983.0,5,5
774,SoMa,1984.0,21,3
775,SoMa,1985.0,12,5
776,SoMa,1986.0,4,4
777,SoMa,1987.0,4,4
778,SoMa,1988.0,2,2
779,SoMa,1989.0,10,6
780,SoMa,1990.0,10,6
781,SoMa,1991.0,21,12
782,SoMa,1992.0,9,9
783,SoMa,1993.0,31,8
784,SoMa,1994.0,62,19
785,SoMa,1995.0,210,44
786,SoMa,1996.0,84,18
787,SoMa,1997.0,35,12
788,SoMa,1998.0,181,37
789,SoMa,1999.0,103,19
790,SoMa,2000.0,156,42
791,SoMa,2001.0,24,12
792,SoMa,2002.0,146,23
793,SoMa,2003.0,147,29
794,SoMa,2004.0,106,28
795,SoMa,2005.0,137,30
796,SoMa,2006.0,94,16
797,SoMa,2007.0,364,29
798,SoMa,2008.0,191,39
799,SoMa,2009.0,148,41
800,SoMa,2010.0,25,10
801,SoMa,2011.0,78,28
802,SoMa,2012.0,68,21
803,SoMa,2013.0,23,11
804,SoMa,2014.0,80,28
805,SoMa,2015.0,133,36
806,SoMa,2016.0,92,25
807,SoMa,2017.0,135,28
808,SoMa,2018.0,40,17
809,SoMa,2019.0,25,12
810,South Beach,1955.0,1,1
811,South Beach,1956.0,15,7
812,South Beach,1969.0,5,4
813,South Beach,1972.0,26,14
814,South Beach,1973.0,9,6
815,South Beach,1974.0,17,12
816,South Beach,1976.0,11,7
817,South Beach,1977.0,2,2
818,South Beach,1978.0,1,1
819,South Beach,1979.0,10,7
820,South Beach,1980.0,11,7
821,South Beach,1981.0,18,6
822,South Beach,1982.0,20,6
823,South Beach,1983.0,3,3
824,South Beach,1984.0,65,15
825,South Beach,1985.0,53,19
826,South Beach,1986.0,17,7
827,South Beach,1987.0,4,3
828,South Beach,1988.0,7,6
829,South Beach,1989.0,3,3
830,South Beach,1990.0,19,12
831,South Beach,1991.0,4,3
832,South Beach,1992.0,91,35
833,South Beach,1993.0,12,8
834,South Beach,1994.0,43,17
835,South Beach,1995.0,115,18
836,South Beach,1996.0,111,30
837,South Beach,1997.0,82,17
838,South Beach,1998.0,241,48
839,South Beach,1999.0,105,18
840,South Beach,2000.0,160,38
841,South Beach,2001.0,122,19
842,South Beach,2002.0,157,41
843,South Beach,2003.0,147,45
844,South Beach,2004.0,73,18
845,South Beach,2005.0,100,40
846,South Beach,2006.0,68,19
847,South Beach,2007.0,116,23
848,South Beach,2008.0,41,19
849,South Beach,2009.0,86,31
850,South Beach,2010.0,90,26
851,South Beach,2011.0,49,25
852,South Beach,2012.0,44,13
853,South Beach,2013.0,46,14
854,South Beach,2014.0,56,23
855,South Beach,2015.0,82,33
856,South Beach,2016.0,87,24
857,South Beach,2017.0,76,25
858,South Beach,2018.0,131,33
859,South Beach,2019.0,13,8
860,South Beach,2020.0,1,1
861,Sunset,1956.0,1,1
862,Sunset,1969.0,3,3
863,Sunset,1972.0,78,24
864,Sunset,1973.0,5,4
865,Sunset,1974.0,13,5
866,Sunset,1975.0,1,1
867,Sunset,1976.0,1,1
868,Sunset,1977.0,4,3
869,Sunset,1978.0,2,2
870,Sunset,1979.0,1,1
871,Sunset,1980.0,5,4
872,Sunset,1982.0,74,13
873,Sunset,1983.0,38,8
874,Sunset,1984.0,1,1
875,Sunset,1985.0,15,5
876,Sunset,1986.0,50,12
877,Sunset,1987.0,48,13
878,Sunset,1988.0,8,4
879,Sunset,1989.0,3,3
880,Sunset,1990.0,41,15
881,Sunset,1991.0,7,7
882,Sunset,1992.0,66,18
883,Sunset,1993.0,90,26
884,Sunset,1994.0,200,38
885,Sunset,1995.0,33,11
886,Sunset,1996.0,107,26
887,Sunset,1997.0,56,20
888,Sunset,1998.0,269,44
889,Sunset,1999.0,11,8
890,Sunset,2000.0,83,27
891,Sunset,2001.0,87,27
892,Sunset,2002.0,206,45
893,Sunset,2003.0,71,28
894,Sunset,2004.0,40,18
895,Sunset,2005.0,33,17
896,Sunset,2006.0,307,30
897,Sunset,2007.0,192,19
898,Sunset,2008.0,199,35
899,Sunset,2009.0,191,23
900,Sunset,2010.0,95,29
901,Sunset,2011.0,95,28
902,Sunset,2012.0,37,15
903,Sunset,2013.0,15,3
904,Sunset,2014.0,72,36
905,Sunset,2015.0,118,35
906,Sunset,2016.0,85,37
907,Sunset,2017.0,51,18
908,Sunset,2018.0,57,21
909,Sunset,2019.0,55,17
910,Sunset,2020.0,2,2
911,Taraval,1969.0,2,2
912,Taraval,1970.0,1,1
913,Taraval,1972.0,4,4
914,Taraval,1973.0,13,4
915,Taraval,1975.0,1,1
916,Taraval,1977.0,2,2
917,Taraval,1979.0,3,1
918,Taraval,1982.0,9,1
919,Taraval,1983.0,15,5
920,Taraval,1984.0,4,3
921,Taraval,1986.0,2,2
922,Taraval,1987.0,3,2
923,Taraval,1988.0,3,2
924,Taraval,1989.0,33,9
925,Taraval,1990.0,39,16
926,Taraval,1991.0,7,7
927,Taraval,1992.0,6,2
928,Taraval,1993.0,85,18
929,Taraval,1994.0,79,22
930,Taraval,1995.0,285,30
931,Taraval,1996.0,69,23
932,Taraval,1997.0,10,6
933,Taraval,1998.0,67,23
934,Taraval,1999.0,65,15
935,Taraval,2000.0,208,25
936,Taraval,2001.0,98,24
937,Taraval,2002.0,92,25
938,Taraval,2003.0,55,26
939,Taraval,2004.0,89,23
940,Taraval,2005.0,21,14
941,Taraval,2006.0,243,17
942,Taraval,2007.0,159,15
943,Taraval,2008.0,102,32
944,Taraval,2009.0,197,25
945,Taraval,2010.0,37,15
946,Taraval,2011.0,53,26
947,Taraval,2012.0,13,8
948,Taraval,2013.0,3,3
949,Taraval,2014.0,19,15
950,Taraval,2015.0,73,21
951,Taraval,2016.0,87,32
952,Taraval,2017.0,26,15
953,Taraval,2018.0,78,24
954,Taraval,2019.0,45,16
955,Taraval,2020.0,2,2
956,Tenderloin,1972.0,2,2
957,Tenderloin,1976.0,5,4
958,Tenderloin,1977.0,2,2
959,Tenderloin,1978.0,1,1
960,Tenderloin,1979.0,10,2
961,Tenderloin,1981.0,13,5
962,Tenderloin,1982.0,5,3
963,Tenderloin,1983.0,1,1
964,Tenderloin,1984.0,6,3
965,Tenderloin,1985.0,8,7
966,Tenderloin,1986.0,4,2
967,Tenderloin,1987.0,14,6
968,Tenderloin,1988.0,5,1
969,Tenderloin,1989.0,17,8
970,Tenderloin,1990.0,49,17
971,Tenderloin,1991.0,19,6
972,Tenderloin,1992.0,40,13
973,Tenderloin,1993.0,25,10
974,Tenderloin,1994.0,35,16
975,Tenderloin,1995.0,218,37
976,Tenderloin,1996.0,68,23
977,Tenderloin,1997.0,46,15
978,Tenderloin,1998.0,129,21
979,Tenderloin,1999.0,31,16
980,Tenderloin,2000.0,122,30
981,Tenderloin,2001.0,43,17
982,Tenderloin,2002.0,60,26
983,Tenderloin,2003.0,15,10
984,Tenderloin,2004.0,35,20
985,Tenderloin,2005.0,126,28
986,Tenderloin,2006.0,22,10
987,Tenderloin,2007.0,32,16
988,Tenderloin,2008.0,119,26
989,Tenderloin,2009.0,46,15
990,Tenderloin,2010.0,34,13
991,Tenderloin,2011.0,40,8
992,Tenderloin,2012.0,40,17
993,Tenderloin,2013.0,10,6
994,Tenderloin,2014.0,62,15
995,Tenderloin,2015.0,66,16
996,Tenderloin,2016.0,84,19
997,Tenderloin,2017.0,51,13
998,Tenderloin,2018.0,47,16
999,Tenderloin,2019.0,26,10
1000,Twin Peaks,1956.0,6,3
1001,Twin Peaks,1970.0,2,2
1002,Twin Peaks,1972.0,2,2
1003,Twin Peaks,1973.0,3,2
1004,Twin Peaks,1974.0,1,1
1005,Twin Peaks,1976.0,5,4
1006,Twin Peaks,1977.0,1,1
1007,Twin Peaks,1978.0,2,2
1008,Twin Peaks,1979.0,1,1
1009,Twin Peaks,1980.0,16,6
1010,Twin Peaks,1981.0,4,4
1011,Twin Peaks,1982.0,46,7
1012,Twin Peaks,1983.0,89,13
1013,Twin Peaks,1984.0,6,4
1014,Twin Peaks,1985.0,7,3
1015,Twin Peaks,1986.0,2,2
1016,Twin Peaks,1987.0,74,23
1017,Twin Peaks,1988.0,62,21
1018,Twin Peaks,1989.0,79,22
1019,Twin Peaks,1990.0,35,14
1020,Twin Peaks,1991.0,19,11
1021,Twin Peaks,1992.0,78,27
1022,Twin Peaks,1993.0,61,23
1023,Twin Peaks,1994.0,20,14
1024,Twin Peaks,1995.0,113,29
1025,Twin Peaks,1996.0,16,14
1026,Twin Peaks,1997.0,138,40
1027,Twin Peaks,1998.0,148,38
1028,Twin Peaks,1999.0,32,14
1029,Twin Peaks,2000.0,133,38
1030,Twin Peaks,2001.0,19,15
1031,Twin Peaks,2002.0,108,41
1032,Twin Peaks,2003.0,52,26
1033,Twin Peaks,2004.0,22,17
1034,Twin Peaks,2005.0,94,30
1035,Twin Peaks,2006.0,27,15
1036,Twin Peaks,2007.0,30,17
1037,Twin Peaks,2008.0,101,38
1038,Twin Peaks,2009.0,11,10
1039,Twin Peaks,2010.0,41,24
1040,Twin Peaks,2011.0,65,36
1041,Twin Peaks,2012.0,23,15
1042,Twin Peaks,2013.0,14,9
1043,Twin Peaks,2014.0,39,20
1044,Twin Peaks,2015.0,37,27
1045,Twin Peaks,2016.0,56,30
1046,Twin Peaks,2017.0,49,24
1047,Twin Peaks,2018.0,45,19
1048,Twin Peaks,2019.0,13,7
