year,neighborhood,most_popular_species,species_count
1955,Chinatown, Blackwood Acacia,2
1955,Outer Richmond, Red Flowering Gum,2
1955,South Beach, Victorian Box,1
1956,Bayshore, Blackwood Acacia,2
1956,Chinatown, Chinese Elm,3
1956,Financial District, Blackwood Acacia,6
1956,Inner Richmond, Victorian Box,25
1956,Lower Pacific Heights, Sycamore: London Plane,3
1956,Marina, Blackwood Acacia,5
1956,Nob Hill, Indian Laurel Fig Tree 'Green Gem',4
1956,North Beach, Blackwood Acacia,19
1956,Portola, Golden Wattle,1
1956,South Beach, Avocado,8
1956,Sunset, Blackwood Acacia,1
1956,Twin Peaks, Hybrid Strawberry Tree,3
1969,Bayview, Lemon Bottlebrush,1
1969,Castro, Brisbane Box,2
1969,Financial District, Indian Laurel Fig Tree 'Green Gem',1
1969,Ingleside, Lemon Bottlebrush,2
1969,Inner Richmond, Banyan Fig,2
1969,Lake Merced, Myoporum,1
1969,Lower Pacific Heights, Chinese Elm,1
1969,Marina, European White Birch,6
1969,Nob Hill, Myoporum,9
1969,North Beach, Banyan Fig,1
1969,Outer Richmond, New Zealand Xmas Tree,2
1969,Panhandle, Blackwood Acacia,2
1969,Rincon Hill, Red Maple,1
1969,South Beach, Chinese Elm,2
1969,Sunset, Flooded Box: Coolibah,1
1969,Taraval, California Lilac 'Ray Hartman',1
1970,Castro, Laurel Fig,2
1970,Inner Richmond, Red Flowering Gum,2
1970,Lower Pacific Heights, Myoporum,1
1970,Marina, Lemon Bottlebrush,1
1970,Taraval, New Zealand Xmas Tree,1
1970,Twin Peaks, Cherry Plum,1
1972,Bayshore, American Sweet Gum,12
1972,Bayview, Bronze Loquat,22
1972,Castro, Blackwood Acacia,3
1972,Chinatown, Indian Laurel Fig Tree 'Green Gem',3
1972,Financial District, Indian Laurel Fig Tree 'Green Gem',1
1972,Inner Richmond, Blackwood Acacia,11
1972,Lower Pacific Heights, Banyan Fig,6
1972,Marina, Bronze Loquat,6
1972,Nob Hill, Chinese Elm,1
1972,North Beach, Banyan Fig,1
1972,Outer Richmond, Angel trumpet,5
1972,Panhandle, Banyan Fig,9
1972,Portola, Brazilian Pepper,4
1972,South Beach, American Sweet Gum,7
1972,Sunset, Bronze Loquat,16
1972,Taraval, Myoporum,1
1972,Tenderloin, Chinese Elm,1
1972,Twin Peaks, Coast Redwood,1
1973,Bayshore, Crape Myrtle,1
1973,Bayview, Lemon Bottlebrush,11
1973,Castro, Evergreen Pear,5
1973,Financial District, Indian Laurel Fig Tree 'Green Gem',1
1973,Inner Richmond, Ash Spp,23
1973,Lower Pacific Heights, Blackwood Acacia,7
1973,Marina, Bronze Loquat,17
1973,Mission, Brisbane Box,4
1973,Nob Hill, Glossy Privet,1
1973,North Beach, Cherry Plum,1
1973,Outer Richmond, Cherry Plum,17
1973,Panhandle, Ash Spp,4
1973,South Beach, American Sweet Gum,3
1973,Sunset, Fruitless Olive,2
1973,Taraval, Blackwood Acacia,10
1973,Twin Peaks, Glossy Privet,2
1974,Bayshore, Shamel Ash: Evergreen Ash,1
1974,Bayview, Weeping Bottlebrush,1
1974,Castro, Brisbane Box,4
1974,Chinatown, Chinese Elm,1
1974,Financial District, Indian Laurel Fig Tree 'Green Gem',1
1974,Ingleside, Carob,2
1974,Inner Richmond, Chinese Elm,3
1974,Lower Pacific Heights, Banyan Fig,3
1974,Marina, Laurel Fig,1
1974,Mission, New Zealand Ruby Glow Tea Tree,1
1974,Nob Hill, Red Flowering Gum,2
1974,North Beach, Banyan Fig,1
1974,Outer Richmond, New Zealand Xmas Tree,3
1974,Panhandle, Banyan Fig,4
1974,Rincon Hill, Carob,1
1974,SoMa, Mexican Fan Palm,1
1974,South Beach, American Sweet Gum,4
1974,Sunset, Cherry Plum,9
1974,Twin Peaks, Mayten,1
1975,Bayshore, Silver Maple,1
1975,Castro, American Sweet Gum,1
1975,Ingleside, Dracena Palm,1
1975,Inner Richmond, Indian Laurel Fig Tree 'Green Gem',1
1975,Lower Pacific Heights, Myoporum,1
1975,Panhandle, New Zealand Xmas Tree,1
1975,Sunset, Shamel Ash: Evergreen Ash,1
1975,Taraval, Flowering Plum,1
1976,Castro, Glossy Privet,4
1976,Chinatown, Blackwood Acacia,1
1976,Financial District, Sycamore: London Plane,1
1976,Inner Richmond, Cherry Plum,1
1976,Lower Pacific Heights, Banyan Fig,3
1976,Marina, Indian Laurel Fig Tree 'Green Gem',3
1976,Mission, Australian Willow,1
1976,Nob Hill, Glossy Privet,4
1976,Outer Richmond, Japanese Maple,1
1976,Panhandle, Myoporum,1
1976,SoMa, California Pepper,5
1976,South Beach, Kwanzan Flowering Cherry,3
1976,Sunset, Purple Leaf Plum Krauter Vesuvius,1
1976,Tenderloin, Banyan Fig,2
1976,Twin Peaks, Laurel Fig,2
1977,Bayshore, New Zealand Xmas Tree,2
1977,Castro, Fruitless Olive,2
1977,Chinatown, Southern Magnolia,1
1977,Financial District, Brisbane Box,1
1977,Ingleside, Cajeput,5
1977,Inner Richmond, Indian Laurel Fig Tree 'Green Gem',4
1977,Lower Pacific Heights, Banyan Fig,4
1977,Marina, Indian Laurel Fig Tree 'Green Gem',2
1977,Mission, Indian Laurel Fig Tree 'Green Gem',1
1977,Nob Hill, Banyan Fig,1
1977,Outer Richmond, Champa,1
1977,Panhandle, Chinese Pistache,1
1977,Portola, Myoporum,2
1977,SoMa, Kwanzan Flowering Cherry,1
1977,South Beach, Italian Cypress,1
1977,Sunset, Lemon Bottlebrush,2
1977,Taraval, New Zealand Xmas Tree,1
1977,Tenderloin, Brisbane Box,1
1977,Twin Peaks, New Zealand Xmas Tree,1
1978,Bayshore, Chinese Elm,1
1978,Castro, Laurel Fig,3
1978,Chinatown, Blackwood Acacia,2
1978,Ingleside, Chinese Banyan,5
1978,Inner Richmond, Blackwood Acacia,2
1978,Lower Pacific Heights, American Sweet Gum,2
1978,Marina, Indian Laurel Fig Tree 'Green Gem',3
1978,Nob Hill, Hybrid Strawberry Tree,1
1978,North Beach, Indian Laurel Fig Tree 'Green Gem',2
1978,Outer Richmond, Dracena Palm,2
1978,Panhandle, American Sweet Gum,2
1978,Portola, Red Flowering Gum,1
1978,SoMa, Brisbane Box,3
1978,South Beach, Cherry Plum,1
1978,Sunset, New Zealand Xmas Tree,1
1978,Tenderloin, Brisbane Box,1
1978,Twin Peaks, Flowering Plum,1
1979,Bayshore, New Zealand Xmas Tree,1
1979,Castro, Chinese Banyan,1
1979,Ingleside, Hybrid Strawberry Tree,1
1979,Inner Richmond, Brush Cherry,2
1979,Lower Pacific Heights, Indian Laurel Fig Tree 'Green Gem',2
1979,Marina, Banyan Fig,4
1979,Mission, Blackwood Acacia,1
1979,Nob Hill, Indian Laurel Fig Tree 'Green Gem',4
1979,Outer Richmond, New Zealand Xmas Tree,2
1979,Panhandle, American Sweet Gum,7
1979,South Beach, Indian Laurel Fig Tree 'Green Gem',3
1979,Sunset, New Zealand Xmas Tree,1
1979,Taraval, New Zealand Xmas Tree,3
1979,Tenderloin, Banyan Fig,9
1979,Twin Peaks, Pittosporum spp,1
1980,Bayshore, New Zealand Xmas Tree,1
1980,Castro, Laurel Fig,1
1980,Financial District, Indian Laurel Fig Tree 'Green Gem',1
1980,Ingleside, Bronze Loquat,2
1980,Inner Richmond, American Sweet Gum,21
1980,Lower Pacific Heights, Blackwood Acacia,3
1980,Marina, Brazilian Pepper,4
1980,Mission, Carob,5
1980,Nob Hill, Hybrid Strawberry Tree,8
1980,North Beach, Banyan Fig,5
1980,Outer Richmond, Glossy Privet,1
1980,Panhandle, Brisbane Box,2
1980,Rincon Hill, Sycamore: London Plane,1
1980,SoMa, Brisbane Box,1
1980,South Beach, American Sweet Gum,3
1980,Sunset, Chinese Banyan,2
1980,Twin Peaks, Carob,9
1981,Bayview, Lemon Bottlebrush,14
1981,Castro, Bailey's Acacia,8
1981,Chinatown, Indian Laurel Fig Tree 'Green Gem',1
1981,Financial District, Indian Laurel Fig Tree 'Green Gem',1
1981,Ingleside, Bronze Loquat,2
1981,Inner Richmond, American Sweet Gum,2
1981,Lower Pacific Heights, Banyan Fig,3
1981,Marina, Aristocrat Callery Pear,3
1981,Mission, Australian Willow,6
1981,Nob Hill, Evergreen Pear,2
1981,North Beach, Bronze Loquat,1
1981,Outer Richmond, New Zealand Xmas Tree,3
1981,Panhandle, Australian Willow,9
1981,Rincon Hill, Indian Laurel Fig Tree 'Green Gem',1
1981,SoMa, American Sweet Gum,4
1981,South Beach, American Sweet Gum,13
1981,Tenderloin, Banyan Fig,5
1981,Twin Peaks, Maidenhair Tree,1
1982,Bayshore, Himalayan Magnolia,1
1982,Bayview, Bronze Loquat,29
1982,Castro, American Sweet Gum,11
1982,Chinatown, Indian Laurel Fig Tree 'Green Gem',1
1982,Ingleside, Brisbane Box,19
1982,Inner Richmond, Blackwood Acacia,7
1982,Lower Pacific Heights, Banyan Fig,11
1982,Marina, Indian Laurel Fig Tree 'Green Gem',2
1982,Mission, Carob,8
1982,Nob Hill, American Sweet Gum,8
1982,North Beach, Banyan Fig,1
1982,Outer Richmond, Cherry Plum,19
1982,Panhandle, Bailey's Acacia,9
1982,SoMa, American Sweet Gum,1
1982,South Beach, California Lilac 'Ray Hartman',15
1982,Sunset, Australian Willow,30
1982,Taraval, Mayten,9
1982,Tenderloin, Banyan Fig,2
1982,Twin Peaks, Bronze Loquat,17
1983,Bayshore, Primrose Tree,1
1983,Bayview, Cherry Plum,10
1983,Castro, Brisbane Box,13
1983,Chinatown, Brisbane Box,1
1983,Ingleside, Cherry Plum,18
1983,Inner Richmond, Brush Cherry,15
1983,Lower Pacific Heights, Bailey's Acacia,2
1983,Marina, Blackwood Acacia,2
1983,Mission, American Sweet Gum,30
1983,Nob Hill, Flaxleaf Paperbark,2
1983,North Beach, Indian Laurel Fig Tree 'Green Gem',10
1983,Outer Richmond, Indian Laurel Fig Tree 'Green Gem',1
1983,Panhandle, American Ash,15
1983,Rincon Hill, New Zealand Xmas Tree,1
1983,SoMa, American Sweet Gum,1
1983,South Beach, Indian Laurel Fig Tree 'Green Gem',1
1983,Sunset, Bronze Loquat,21
1983,Taraval, Lemon Bottlebrush,11
1983,Tenderloin, Sycamore: London Plane,1
1983,Twin Peaks, American Sweet Gum,28
1984,Bayshore, Evergreen Pear,16
1984,Castro, Bailey's Acacia,23
1984,Inner Richmond, Cajeput,20
1984,Lower Pacific Heights, Banyan Fig,3
1984,Marina, Chinese Banyan,3
1984,Mission, Brisbane Box,14
1984,Nob Hill, Chinese Banyan,1
1984,North Beach, Brisbane Box,1
1984,Outer Richmond, Brisbane Box,5
1984,Panhandle, Bailey's Acacia,3
1984,SoMa, Chinese Banyan,14
1984,South Beach, Brisbane Box,23
1984,Sunset, New Zealand Xmas Tree,1
1984,Taraval, Banyan Fig,2
1984,Tenderloin, Bailey's Acacia,4
1984,Twin Peaks, Bailey's Acacia,3
1985,Bayshore, New Zealand Xmas Tree,2
1985,Bayview, Carob,4
1985,Castro, Bronze Loquat,3
1985,Chinatown, Indian Laurel Fig Tree 'Green Gem',1
1985,Financial District, Indian Laurel Fig Tree 'Green Gem',1
1985,Ingleside, American Sweet Gum,35
1985,Inner Richmond, Brisbane Box,12
1985,Lower Pacific Heights, Banyan Fig,2
1985,Marina, Brisbane Box,13
1985,Mission, American Sweet Gum,27
1985,Nob Hill, Indian Laurel Fig Tree 'Green Gem',5
1985,North Beach, Blackwood Acacia,2
1985,Outer Richmond, Brisbane Box,8
1985,Panhandle, Banyan Fig,24
1985,SoMa, Brisbane Box,7
1985,South Beach, Brisbane Box,13
1985,Sunset, Bronze Loquat,11
1985,Tenderloin, Bailey's Acacia,2
1985,Twin Peaks, Chinese Banyan,4
1986,Castro, Brisbane Box,14
1986,Chinatown, Evergreen Pear,1
1986,Ingleside, Brazilian Pepper,15
1986,Inner Richmond, Blackwood Acacia,10
1986,Lake Merced, Cherry Plum,1
1986,Lower Pacific Heights, Brisbane Box,11
1986,Marina, Chinese Pistache,3
1986,Mission, Australian Willow,44
1986,Nob Hill, Brisbane Box,8
1986,North Beach, Banyan Fig,2
1986,Outer Richmond, Cajeput,6
1986,Panhandle, American Sweet Gum,15
1986,Rincon Hill, Indian Laurel Fig Tree 'Green Gem',2
1986,SoMa, Indian Laurel Fig Tree 'Green Gem',1
1986,South Beach, Honey Locust 'Shademaster',9
1986,Sunset, Bronze Loquat,15
1986,Taraval, Brazilian Pepper,1
1986,Tenderloin, Brisbane Box,3
1986,Twin Peaks, Magnolia,1
1987,Bayshore, Himalayan Magnolia,1
1987,Castro, Bailey's Acacia,15
1987,Chinatown, Indian Laurel Fig Tree 'Green Gem',1
1987,Ingleside, Olive Tree,1
1987,Inner Richmond, Brisbane Box,9
1987,Lower Pacific Heights, Banyan Fig,7
1987,Marina, Indian Laurel Fig Tree 'Green Gem',4
1987,Mission, Bailey's Acacia,40
1987,Nob Hill, Chinese Elm,5
1987,North Beach, Banyan Fig,9
1987,Outer Richmond, Ash Spp,2
1987,Panhandle, American Sweet Gum,19
1987,Portola, Bailey's Acacia,14
1987,SoMa, Flowering Plum,1
1987,South Beach, Chinese Banyan,2
1987,Sunset, Cherry Plum,21
1987,Taraval, Karo Tree,2
1987,Tenderloin, Brisbane Box,8
1987,Twin Peaks, Brisbane Box,12
1988,Bayshore, New Zealand Xmas Tree,1
1988,Bayview, Bronze Loquat,20
1988,Castro, Brisbane Box,2
1988,Chinatown, Brisbane Box,2
1988,Ingleside, Cherry Plum,1
1988,Inner Richmond, American Sweet Gum,4
1988,Lower Pacific Heights, Bailey's Acacia,4
1988,Marina, Brazilian Pepper,10
1988,Mission, American Elm,10
1988,Nob Hill, Brisbane Box,5
1988,North Beach, Banyan Fig,9
1988,Outer Richmond, Dracena Palm,1
1988,Panhandle, Banyan Fig,26
1988,Portola, Cherry Plum,1
1988,Rincon Hill, Sycamore: London Plane,1
1988,SoMa, Brazilian Pepper,1
1988,South Beach, Brisbane Box,2
1988,Sunset, Bronze Loquat,5
1988,Taraval, Karo Tree,2
1988,Tenderloin, Chinese Banyan,5
1988,Twin Peaks, Bailey's Acacia,12
1989,Bayshore, Cherry Plum,1
1989,Bayview, Brisbane Box,1
1989,Castro, Bailey's Acacia,8
1989,Chinatown, Aristocrat Callery Pear,4
1989,Financial District, Brisbane Box,2
1989,Ingleside, Australian Willow,13
1989,Inner Richmond, Australian Willow,8
1989,Lower Pacific Heights, Banyan Fig,5
1989,Marina, American Sweet Gum,12
1989,Mission, Ash Spp,14
1989,Nob Hill, Brisbane Box,8
1989,North Beach, Banyan Fig,2
1989,Outer Richmond, Aristocrat Callery Pear,26
1989,Panhandle, Banyan Fig,8
1989,Portola, Lemon Bottlebrush,1
1989,Rincon Hill, Sycamore: London Plane,1
1989,SoMa, Carob,3
1989,South Beach, Cherry Plum,1
1989,Sunset, Cajeput,1
1989,Taraval, Bronze Loquat,15
1989,Tenderloin, Brisbane Box,8
1989,Twin Peaks, Bailey's Acacia,11
1990,Bayview, Bailey's Acacia,10
1990,Castro, Brisbane Box,9
1990,Chinatown, Ornamental Pear,1
1990,Ingleside, American Sweet Gum,26
1990,Inner Richmond, American Sweet Gum,12
1990,Lake Merced, Blue Gum,4
1990,Lower Pacific Heights, American Sweet Gum,31
1990,Marina, American Sweet Gum,57
1990,Mission, American Sweet Gum,16
1990,Nob Hill, American Sweet Gum,15
1990,North Beach, American Sweet Gum,6
1990,Outer Richmond, Aristocrat Callery Pear,2
1990,Panhandle, Bailey's Acacia,7
1990,Portola, Australian Willow,9
1990,Rincon Hill, Indian Laurel Fig Tree 'Green Gem',1
1990,SoMa, Brisbane Box,5
1990,South Beach, Australian Willow,4
1990,Sunset, Bronze Loquat,7
1990,Taraval, Bailey's Acacia,8
1990,Tenderloin, Blackwood Acacia,14
1990,Twin Peaks, Brisbane Box,8
1991,Bayshore, Brisbane Box,7
1991,Bayview, Lemon Bottlebrush,3
1991,Castro, Bailey's Acacia,12
1991,Chinatown, Brisbane Box,2
1991,Ingleside, California Buckeye,6
1991,Inner Richmond, American Sweet Gum,17
1991,Lake Merced, Brazilian Pepper,1
1991,Lower Pacific Heights, Ash,25
1991,Marina, Blackwood Acacia,4
1991,Mission, American Sweet Gum,16
1991,Nob Hill, Bailey's Acacia,6
1991,North Beach, American Sweet Gum,2
1991,Outer Richmond, Evergreen Pear,3
1991,Panhandle, Bailey's Acacia,10
1991,Portola, Brisbane Box,2
1991,Rincon Hill, Brisbane Box,3
1991,SoMa, Brisbane Box,5
1991,South Beach, Bronze Loquat,2
1991,Sunset, Blackwood Acacia,1
1991,Taraval, Cajeput,1
1991,Tenderloin, Brisbane Box,11
1991,Twin Peaks, Bailey's Acacia,3
1992,Bayshore, American Sweet Gum,13
1992,Bayview, Aristocrat Callery Pear,19
1992,Castro, Australian Willow,10
1992,Financial District, Red Flowering Gum,2
1992,Ingleside, Brazilian Pepper,21
1992,Inner Richmond, American Sweet Gum,10
1992,Lake Merced, Brisbane Box,7
1992,Lower Pacific Heights, American Sweet Gum,36
1992,Marina, Indian Laurel Fig Tree 'Green Gem',3
1992,Mission, American Sweet Gum,29
1992,Nob Hill, Bailey's Acacia,4
1992,North Beach, Banyan Fig,3
1992,Outer Richmond, Bailey's Acacia,14
1992,Panhandle, Bailey's Acacia,19
1992,Portola, Brisbane Box,6
1992,Rincon Hill, Southern Magnolia,3
1992,SoMa, Banyan Fig,1
1992,South Beach, African Sumac,9
1992,Sunset, Australian Tea Tree,13
1992,Taraval, American Sweet Gum,5
1992,Tenderloin, Brisbane Box,7
1992,Twin Peaks, Australian Willow,21
1993,Bayshore, Cherry Plum,5
1993,Bayview, Aristocrat Callery Pear,8
1993,Castro, Australian Willow,31
1993,Chinatown, Indian Laurel Fig Tree 'Green Gem',2
1993,Financial District, Evergreen Pear,2
1993,Ingleside, Australian Tea Tree,20
1993,Inner Richmond, American Sweet Gum,26
1993,Lake Merced, Brisbane Box,4
1993,Lower Pacific Heights, American Sweet Gum,12
1993,Marina, Banyan Fig,10
1993,Mission, Australian Tea Tree,10
1993,Nob Hill, Angel trumpet,6
1993,North Beach, Cajeput,11
1993,Outer Richmond, American Sweet Gum,31
1993,Panhandle, Banyan Fig,6
1993,Portola, Brazilian Pepper,6
1993,Rincon Hill, Sycamore: London Plane,3
1993,SoMa, Canary Island Date Palm,14
1993,South Beach, Bronze Loquat,3
1993,Sunset, Australian Tea Tree,20
1993,Taraval, Australian Tea Tree,19
1993,Tenderloin, Banyan Fig,10
1993,Twin Peaks, Bailey's Acacia,7
1994,Bayshore, Brisbane Box,8
1994,Bayview, Brisbane Box,2
1994,Castro, Bailey's Acacia,1
1994,Financial District, Canary Island Date Palm,22
1994,Ingleside, American Sweet Gum,15
1994,Inner Richmond, Brisbane Box,24
1994,Lake Merced, Brisbane Box,17
1994,Lower Pacific Heights, Brazilian Pepper,9
1994,Marina, Banyan Fig,13
1994,Mission, Australian Willow,23
1994,Nob Hill, Banyan Fig,5
1994,North Beach, American Sweet Gum,1
1994,Outer Richmond, Australian Willow,15
1994,Panhandle, Bailey's Acacia,8
1994,Portola, Lemon Bottlebrush,1
1994,Rincon Hill, Brisbane Box,1
1994,SoMa, American Sweet Gum,14
1994,South Beach, Brisbane Box,16
1994,Sunset, American Sweet Gum,38
1994,Taraval, American Sweet Gum,31
1994,Tenderloin, Bailey's Acacia,9
1994,Twin Peaks, Brazilian Pepper,5
1995,Bayshore, Cherry Plum,23
1995,Bayview, Aristocrat Callery Pear,40
1995,Castro, American Sweet Gum,30
1995,Chinatown, Chinese Banyan,6
1995,Financial District, Brisbane Box,98
1995,Ingleside, Australian Willow,103
1995,Inner Richmond, American Sweet Gum,9
1995,Lake Merced, Australian Tea Tree,15
1995,Lower Pacific Heights, Banyan Fig,23
1995,Marina, Aristocrat Callery Pear,5
1995,Mission, American Sweet Gum,25
1995,Nob Hill, Banyan Fig,17
1995,North Beach, American Sweet Gum,9
1995,Outer Richmond, Brazilian Pepper,6
1995,Panhandle, American Sweet Gum,13
1995,Portola, American Elm,12
1995,Rincon Hill, Brisbane Box,3
1995,SoMa, Australian Willow,49
1995,South Beach, American Sweet Gum,81
1995,Sunset, Australian Tea Tree,11
1995,Taraval, Australian Tea Tree,99
1995,Tenderloin, Ash Spp,54
1995,Twin Peaks, Bailey's Acacia,23
1996,Bayshore, Freeman Maple,16
1996,Bayview, Banyan Fig,12
1996,Castro, American Sweet Gum,31
1996,Chinatown, Australian Tea Tree,13
1996,Financial District, Canary Island Date Palm,47
1996,Ingleside, American Sweet Gum,39
1996,Inner Richmond, Brisbane Box,17
1996,Lake Merced, Hybrid Strawberry Tree,4
1996,Lower Pacific Heights, Blackwood Acacia,10
1996,Marina, Bailey's Acacia,12
1996,Mission, American Sweet Gum,40
1996,Nob Hill, Brisbane Box,12
1996,North Beach, Bailey's Acacia,5
1996,Outer Richmond, Australian Tea Tree,12
1996,Panhandle, American Sweet Gum,11
1996,Portola, Australian Tea Tree,27
1996,Rincon Hill, Brisbane Box,7
1996,SoMa, American Sweet Gum,14
1996,South Beach, American Sweet Gum,19
1996,Sunset, African Sumac,21
1996,Taraval, Bailey's Acacia,13
1996,Tenderloin, American Sweet Gum,13
1996,Twin Peaks, Cajeput,2
1997,Bayshore, American Elm,15
1997,Bayview, Aristocrat Callery Pear,58
1997,Castro, American Sweet Gum,5
1997,Chinatown, Indian Laurel Fig Tree 'Green Gem',1
1997,Financial District, Evergreen Pear,1
1997,Ingleside, Brisbane Box,108
1997,Inner Richmond, Blackwood Acacia,8
1997,Lake Merced, Cajeput,2
1997,Lower Pacific Heights, Blackwood Acacia,15
1997,Marina, Birch,7
1997,Mission, American Sweet Gum,36
1997,Nob Hill, Brisbane Box,15
1997,North Beach, Australian Willow,8
1997,Outer Richmond, Australian Tea Tree,13
1997,Panhandle, Australian Willow,6
1997,Portola, Cherry Plum,1
1997,Rincon Hill, Brazilian Pepper,15
1997,SoMa, Brisbane Box,10
1997,South Beach, American Sweet Gum,32
1997,Sunset, Bailey's Acacia,12
1997,Taraval, Hybrid Strawberry Tree,3
1997,Tenderloin, Blackwood Acacia,11
1997,Twin Peaks, Australian Tea Tree,15
1998,Bayshore, American Elm,33
1998,Bayview, American Sweet Gum,50
1998,Castro, American Sweet Gum,37
1998,Chinatown, Aristocrat Callery Pear,5
1998,Financial District, Brisbane Box,8
1998,Ingleside, Angel trumpet,80
1998,Inner Richmond, American Sweet Gum,20
1998,Lake Merced, Blackwood Acacia,27
1998,Lower Pacific Heights, American Sweet Gum,8
1998,Marina, Bailey's Acacia,7
1998,Mission, American Elm,115
1998,Nob Hill, American Sweet Gum,22
1998,North Beach, Brisbane Box,4
1998,Outer Richmond, Bailey's Acacia,15
1998,Panhandle, American Sweet Gum,12
1998,Portola, American Sweet Gum,10
1998,Rincon Hill, American Sweet Gum,9
1998,SoMa, American Sweet Gum,19
1998,South Beach, American Sweet Gum,25
1998,Sunset, Australian Tea Tree,24
1998,Taraval, American Sweet Gum,11
1998,Tenderloin, Bailey's Acacia,41
1998,Twin Peaks, American Sweet Gum,18
1999,Bayshore, Bailey's Acacia,22
1999,Bayview, Bailey's Acacia,21
1999,Castro, Amur Maple,8
1999,Chinatown, Brisbane Box,2
1999,Financial District, Indian Laurel Fig Tree 'Green Gem',3
1999,Ingleside, Aristocrat Callery Pear,24
1999,Inner Richmond, Australian Willow,12
1999,Lake Merced, Australian Tea Tree,3
1999,Lower Pacific Heights, Bailey's Acacia,18
1999,Marina, Blackwood Acacia,5
1999,Mission, American Sweet Gum,27
1999,Nob Hill, Ash Spp,13
1999,North Beach, American Sweet Gum,6
1999,Outer Richmond, Aristocrat Callery Pear,7
1999,Panhandle, American Sweet Gum,17
1999,Portola, Bailey's Acacia,46
1999,Rincon Hill, Ornamental Pear,20
1999,SoMa, Ash Spp,18
1999,South Beach, Brisbane Box,61
1999,Sunset, Australian Tea Tree,3
1999,Taraval, Brisbane Box,18
1999,Tenderloin, Black Locust,7
1999,Twin Peaks, American Sweet Gum,8
2000,Bayshore, American Elm,37
2000,Bayview, Bailey's Acacia,17
2000,Castro, African Sumac,32
2000,Chinatown, Cherry Plum,10
2000,Financial District, Ash Spp,58
2000,Ingleside, Aristocrat Callery Pear,45
2000,Inner Richmond, American Sweet Gum,24
2000,Lake Merced, Bailey's Acacia,24
2000,Lower Pacific Heights, American Sweet Gum,8
2000,Marina, Avocado,8
2000,Mission, Bailey's Acacia,36
2000,Nob Hill, American Sweet Gum,14
2000,North Beach, Cajeput,7
2000,Outer Richmond, American Sweet Gum,18
2000,Panhandle, American Sweet Gum,19
2000,Portola, Bailey's Acacia,40
2000,Rincon Hill, Blackwood Acacia,14
2000,SoMa, Ash,13
2000,South Beach, Armstrong Red Maple,36
2000,Sunset, Australian Tea Tree,14
2000,Taraval, Bailey's Acacia,37
2000,Tenderloin, Ash Spp,24
2000,Twin Peaks, Ash Spp,19
2001,Bayshore, Bailey's Acacia,53
2001,Bayview, American Sweet Gum,7
2001,Castro, Bailey's Acacia,4
2001,Chinatown, Evergreen Pear,1
2001,Financial District, Canary Island Date Palm,50
2001,Ingleside, Brazilian Pepper,19
2001,Inner Richmond, American Sweet Gum,18
2001,Lake Merced, Bailey's Acacia,24
2001,Lower Pacific Heights, Ash,9
2001,Marina, Bailey's Acacia,3
2001,Mission, American Sweet Gum,21
2001,Nob Hill, Bailey's Acacia,2
2001,North Beach, Ash,11
2001,Outer Richmond, American Sweet Gum,6
2001,Panhandle, American Sweet Gum,12
2001,Portola, Australian Tea Tree,21
2001,Rincon Hill, Brisbane Box,17
2001,SoMa, Brisbane Box,6
2001,South Beach, American Sweet Gum,58
2001,Sunset, Bailey's Acacia,8
2001,Taraval, Cajeput,23
2001,Tenderloin, Brisbane Box,15
2001,Twin Peaks, Brisbane Box,3
2002,Bayshore, Australian Tea Tree,14
2002,Bayview, Banyan Fig,24
2002,Castro, American Sweet Gum,7
2002,Chinatown, Chinese Banyan,2
2002,Financial District, Evergreen Pear,7
2002,Ingleside, Ash,17
2002,Inner Richmond, Australian Tea Tree,37
2002,Lake Merced, Australian Tea Tree,29
2002,Lower Pacific Heights, Australian Willow,10
2002,Marina, Ash-colored Eucalyptus,14
2002,Mission, American Sweet Gum,31
2002,Nob Hill, Brazilian Pepper,23
2002,North Beach, Brazilian Pepper,7
2002,Outer Richmond, American Sweet Gum,16
2002,Panhandle, American Sweet Gum,23
2002,Portola, Australian Tea Tree,41
2002,Rincon Hill, Brisbane Box,11
2002,SoMa, American Sweet Gum,43
2002,South Beach, American Sweet Gum,24
2002,Sunset, Australian Tea Tree,38
2002,Taraval, Australian Tea Tree,16
2002,Tenderloin, Blackwood Acacia,10
2002,Twin Peaks, Australian Tea Tree,10
2003,Bayshore, Australian Tea Tree,12
2003,Bayview, Australian Tea Tree,17
2003,Castro, Bailey's Acacia,8
2003,Chinatown, Brisbane Box,1
2003,Financial District, Bailey's Acacia,3
2003,Ingleside, Aristocrat Callery Pear,57
2003,Inner Richmond, Bailey's Acacia,3
2003,Lake Merced, Australian Tea Tree,4
2003,Lower Pacific Heights, American Sweet Gum,19
2003,Marina, Bailey's Acacia,9
2003,Mission, American Sweet Gum,20
2003,Nob Hill, Bailey's Acacia,10
2003,North Beach, American Sweet Gum,3
2003,Outer Richmond, Bailey's Acacia,8
2003,Panhandle, American Sweet Gum,20
2003,Portola, Blackwood Acacia,45
2003,Rincon Hill, Brisbane Box,27
2003,SoMa, Bailey's Acacia,38
2003,South Beach, Aristocrat Callery Pear,13
2003,Sunset, American Sweet Gum,9
2003,Taraval, Australian Tea Tree,11
2003,Tenderloin, Brisbane Box,4
2003,Twin Peaks, Australian Tea Tree,8
2004,Bayshore, Ash,3
2004,Bayview, Birch,20
2004,Castro, American Sweet Gum,7
2004,Financial District, Fairmont Ginkgo,2
2004,Ingleside, Aristocrat Callery Pear,4
2004,Inner Richmond, Blackwood Acacia,6
2004,Lake Merced, Cherry Plum,6
2004,Lower Pacific Heights, Blackwood Acacia,5
2004,Marina, Aristocrat Callery Pear,3
2004,Mission, Australian Tea Tree,19
2004,Nob Hill, Brisbane Box,9
2004,North Beach, Flowering Plum,2
2004,Outer Richmond, Australian Tea Tree,5
2004,Panhandle, Brazilian Pepper,11
2004,Portola, Bailey's Acacia,2
2004,Rincon Hill, Cherry,12
2004,SoMa, Australian Willow,14
2004,South Beach, Bailey's Acacia,41
2004,Sunset, Australian Tea Tree,9
2004,Taraval, Australian Tea Tree,23
2004,Tenderloin, Bailey's Acacia,4
2004,Twin Peaks, Cherry Plum,3
2005,Bayshore, Bronze Loquat,9
2005,Bayview, Bailey's Acacia,10
2005,Castro, American Sweet Gum,13
2005,Chinatown, Brisbane Box,2
2005,Financial District, Laurel Fig,3
2005,Ingleside, Bailey's Acacia,17
2005,Inner Richmond, American Sweet Gum,9
2005,Lake Merced, Hybrid Strawberry Tree,6
2005,Lower Pacific Heights, Ash,19
2005,Marina, Brisbane Box,4
2005,Mission, Australian Tea Tree,27
2005,Nob Hill, Brisbane Box,26
2005,North Beach, Glossy Privet,5
2005,Outer Richmond, Blackwood Acacia,13
2005,Panhandle, American Sweet Gum,9
2005,Portola, Australian Tea Tree,36
2005,Rincon Hill, Brisbane Box,20
2005,SoMa, Ash,26
2005,South Beach, American Sweet Gum,10
2005,Sunset, Blackwood Acacia,6
2005,Taraval, Blue Gum,3
2005,Tenderloin, Blackwood Acacia,43
2005,Twin Peaks, American Sweet Gum,46
2006,Bayshore, Australian Tea Tree,8
2006,Bayview, Aristocrat Callery Pear,108
2006,Castro, Ash Spp,10
2006,Chinatown, Mexican Fan Palm,3
2006,Financial District, Brisbane Box,2
2006,Ingleside, Bailey's Acacia,13
2006,Inner Richmond, Bronze Loquat,5
2006,Lake Merced, American Sweet Gum,20
2006,Lower Pacific Heights, American Sweet Gum,7
2006,Marina, Blackwood Acacia,7
2006,Mission, American Sweet Gum,17
2006,Nob Hill, Blackwood Acacia,7
2006,North Beach, American Sweet Gum,8
2006,Outer Richmond, Blackwood Acacia,8
2006,Panhandle, American Sweet Gum,6
2006,Portola, American Sweet Gum,33
2006,Rincon Hill, Brisbane Box,8
2006,SoMa, American Sweet Gum,36
2006,South Beach, Brisbane Box,11
2006,Sunset, Australian Tea Tree,74
2006,Taraval, American Sweet Gum,129
2006,Tenderloin, Bailey's Acacia,4
2006,Twin Peaks, American Sweet Gum,8
2007,Bayshore, Brisbane Box,21
2007,Bayview, Aristocrat Callery Pear,52
2007,Castro, American Sweet Gum,4
2007,Chinatown, Indian Laurel Fig Tree 'Green Gem',1
2007,Financial District, Maidenhair Tree,3
2007,Ingleside, Aristocrat Callery Pear,29
2007,Inner Richmond, Aristocrat Callery Pear,5
2007,Lake Merced, Evergreen Pear,36
2007,Lower Pacific Heights, Blackwood Acacia,8
2007,Marina, Acacia Spp,16
2007,Mission, Aristocrat Callery Pear,71
2007,Nob Hill, Aristocrat Callery Pear,6
2007,North Beach, Cherry Plum,2
2007,Outer Richmond, Blackwood Acacia,14
2007,Panhandle, Aristocrat Callery Pear,11
2007,Portola, American Sweet Gum,8
2007,Rincon Hill, Samuel Sommer Magnolia,6
2007,SoMa, Aristocrat Callery Pear,44
2007,South Beach, Acacia: Silver Wattle,20
2007,Sunset, American Sweet Gum,98
2007,Taraval, Australian Tea Tree,75
2007,Tenderloin, Aristocrat Callery Pear,9
2007,Twin Peaks, American Sweet Gum,6
2008,Bayshore, Aristocrat Callery Pear,11
2008,Bayview, Aristocrat Callery Pear,30
2008,Castro, American Sweet Gum,38
2008,Chinatown, Aristocrat Callery Pear,10
2008,Ingleside, Aristocrat Callery Pear,30
2008,Inner Richmond, American Autumn Purple Ash,133
2008,Lake Merced, American Elm,31
2008,Lower Pacific Heights, American Autumn Purple Ash,37
2008,Marina, Atlas Cedar,12
2008,Mission, American Ash,30
2008,Nob Hill, Aristocrat Callery Pear,28
2008,North Beach, Australian Willow,3
2008,Outer Richmond, Aristocrat Callery Pear,161
2008,Panhandle, American Sweet Gum,25
2008,Portola, Aristocrat Callery Pear,64
2008,Rincon Hill, Brisbane Box,4
2008,SoMa, American Sweet Gum,43
2008,South Beach, Brisbane Box,9
2008,Sunset, American Sweet Gum,32
2008,Taraval, Australian Tea Tree,11
2008,Tenderloin, Aristocrat Callery Pear,24
2008,Twin Peaks, American Sweet Gum,15
2009,Bayshore, 'Akebono' Cherry,19
2009,Bayview, American Sweet Gum,15
2009,Castro, Australian Willow,10
2009,Chinatown, Brisbane Box,5
2009,Financial District, Maidenhair Tree,15
2009,Ingleside, Bailey's Acacia,11
2009,Inner Richmond, Blackwood Acacia,4
2009,Lake Merced, Brisbane Box,12
2009,Lower Pacific Heights, Brisbane Box,10
2009,Marina, Aristocrat Callery Pear,4
2009,Mission, Almond,14
2009,Nob Hill, Brisbane Box,38
2009,North Beach, Fern Pine,4
2009,Outer Richmond, American Ash,15
2009,Panhandle, Aristocrat Callery Pear,12
2009,Portola, Blackwood Acacia,7
2009,Rincon Hill, Sycamore: London Plane,2
2009,SoMa, American Ash,18
2009,South Beach, Acacia: Silver Wattle,14
2009,Sunset, Brisbane Box,72
2009,Taraval, Bronze Loquat,33
2009,Tenderloin, Brisbane Box,17
2009,Twin Peaks, Brisbane Box,2
2010,Bayshore, Blackwood Acacia,8
2010,Bayview, Aristocrat Callery Pear,29
2010,Castro, Brazilian Pepper,7
2010,Chinatown, Russet Magnolia,1
2010,Financial District, Irish Yew,7
2010,Ingleside, Cherry Plum,11
2010,Inner Richmond, Australian Willow,11
2010,Lake Merced, Canary Island Pine,6
2010,Lower Pacific Heights, 'Akebono' Cherry,10
2010,Marina, Blackwood Acacia,4
2010,Mission, Australian Willow,12
2010,Nob Hill, Aristocrat Callery Pear,5
2010,North Beach, Brisbane Box,2
2010,Outer Richmond, American Sweet Gum,11
2010,Panhandle, Brisbane Box,6
2010,Portola, English Hawthorn,7
2010,Rincon Hill, Brisbane Box,7
2010,SoMa, Brisbane Box,13
2010,South Beach, American Sweet Gum,21
2010,Sunset, Blackwood Acacia,19
2010,Taraval, Blackwood Acacia,7
2010,Tenderloin, Brisbane Box,9
2010,Twin Peaks, Bailey's Acacia,5
2011,Bayshore, American Sweet Gum,8
2011,Bayview, Blackwood Acacia,16
2011,Castro, 'Akebono' Cherry,13
2011,Chinatown, Glossy Privet,6
2011,Financial District, Canary Island Pine,14
2011,Ingleside, Aristocrat Callery Pear,29
2011,Inner Richmond, Brisbane Box,6
2011,Lake Merced, Cherry,7
2011,Lower Pacific Heights, American Sweet Gum,11
2011,Marina, Blackwood Acacia,16
2011,Mission, 'Akebono' Cherry,19
2011,Nob Hill, Brisbane Box,11
2011,North Beach, Banyan Fig,3
2011,Outer Richmond, Brisbane Box,22
2011,Panhandle, Australian Willow,9
2011,Portola, 'Akebono' Cherry,2
2011,Rincon Hill, Carob,1
2011,SoMa, Australian Willow,12
2011,South Beach, American Sweet Gum,6
2011,Sunset, Birchbark Cherry,19
2011,Taraval, American Sweet Gum,8
2011,Tenderloin, Brisbane Box,20
2011,Twin Peaks, Australian Willow,7
2012,Bayshore, Cherry Plum,3
2012,Bayview, Aristocrat Callery Pear,18
2012,Castro, Brisbane Box,13
2012,Chinatown, Kwanzan Flowering Cherry,11
2012,Financial District, Maidenhair Tree,7
2012,Ingleside, Brisbane Box,10
2012,Inner Richmond, Brisbane Box,9
2012,Lake Merced, Canary Island Pine,8
2012,Lower Pacific Heights, Blackwood Acacia,11
2012,Marina, Brisbane Box,4
2012,Mission, American Sweet Gum,11
2012,Nob Hill, Brisbane Box,14
2012,North Beach, American Sweet Gum,3
2012,Outer Richmond, Brisbane Box,3
2012,Panhandle, Brisbane Box,6
2012,Portola, Brisbane Box,11
2012,Rincon Hill, Brisbane Box,8
2012,SoMa, Brazilian Pepper,13
2012,South Beach, Brazilian Pepper,10
2012,Sunset, Blackwood Acacia,6
2012,Taraval, American Sweet Gum,5
2012,Tenderloin, Brazilian Pepper,7
2012,Twin Peaks, Brisbane Box,4
2013,Bayshore, California Lilac 'Ray Hartman',5
2013,Bayview, Blackwood Acacia,14
2013,Castro, Blackwood Acacia,6
2013,Chinatown, European Hornbeam,3
2013,Financial District, American Sweet Gum,8
2013,Ingleside, Australian Willow,14
2013,Inner Richmond, Brisbane Box,11
2013,Lake Merced, Australian Tea Tree,21
2013,Lower Pacific Heights, Brazilian Pepper,10
2013,Marina, Blackwood Acacia,5
2013,Mission, American Sweet Gum,8
2013,Nob Hill, Brisbane Box,17
2013,North Beach, American Sweet Gum,6
2013,Outer Richmond, Brisbane Box,9
2013,Panhandle, Bailey's Acacia,4
2013,Portola, American Elm,12
2013,Rincon Hill, Kwanzan Flowering Cherry,5
2013,SoMa, Aristocrat Callery Pear,10
2013,South Beach, Armstrong Red Maple,17
2013,Sunset, Photinia: Chinese photinia,7
2013,Taraval, American Sweet Gum,1
2013,Tenderloin, Brisbane Box,5
2013,Twin Peaks, Carolina Cherry Laurel,3
2014,Bayshore, Australian Willow,4
2014,Bayview, Brisbane Box,21
2014,Castro, American Sweet Gum,11
2014,Chinatown, Italian Buckthorn,3
2014,Financial District, Canary Island Pine,3
2014,Ingleside, Australian Tea Tree,10
2014,Inner Richmond, Brisbane Box,9
2014,Lake Merced, Brisbane Box,4
2014,Lower Pacific Heights, Brisbane Box,8
2014,Marina, Bloodgood London Plane,11
2014,Mission, American Sweet Gum,14
2014,Nob Hill, Bloodgood London Plane,23
2014,North Beach, American Sweet Gum,3
2014,Outer Richmond, Brisbane Box,9
2014,Panhandle, Australian Willow,10
2014,Portola, Brisbane Box,5
2014,Rincon Hill, Brisbane Box,9
2014,SoMa, Ash Spp,16
2014,South Beach, American Sweet Gum,10
2014,Sunset, American Sweet Gum,8
2014,Taraval, Brisbane Box,2
2014,Tenderloin, Brisbane Box,24
2014,Twin Peaks, Brisbane Box,13
2015,Bayshore, American Sweet Gum,15
2015,Bayview, Aristocrat Callery Pear,33
2015,Castro, Bailey's Acacia,12
2015,Chinatown, Brisbane Box,2
2015,Financial District, Brazilian Pepper,2
2015,Ingleside, Australian Willow,40
2015,Inner Richmond, Blackwood Acacia,9
2015,Lake Merced, Brisbane Box,8
2015,Lower Pacific Heights, Ash Spp,12
2015,Marina, Blackwood Acacia,16
2015,Mission, American Sweet Gum,61
2015,Nob Hill, Blackwood Acacia,10
2015,North Beach, Blackwood Acacia,10
2015,Outer Richmond, Australian Tea Tree,9
2015,Panhandle, Australian Willow,11
2015,Portola, American Holly,5
2015,Rincon Hill, Brisbane Box,22
2015,SoMa, American Ash,24
2015,South Beach, Brisbane Box,12
2015,Sunset, American Sweet Gum,14
2015,Taraval, Blackwood Acacia,17
2015,Tenderloin, Brisbane Box,16
2015,Twin Peaks, Black Locust,4
2016,Bayshore, Birch,4
2016,Bayview, Australian Willow,17
2016,Castro, American Sweet Gum,13
2016,Chinatown, Brisbane Box,6
2016,Financial District, Blackwood Acacia,5
2016,Ingleside, Australian Tea Tree,13
2016,Inner Richmond, American Elm,10
2016,Lake Merced, Australian Tea Tree,9
2016,Lower Pacific Heights, Banyan Fig,12
2016,Marina, Blackwood Acacia,9
2016,Mission, Allepo Pine,14
2016,Nob Hill, Brisbane Box,21
2016,North Beach, Banyan Fig,17
2016,Outer Richmond, Australian Tea Tree,13
2016,Panhandle, Blackwood Acacia,9
2016,Portola, American Elm,12
2016,Rincon Hill, Brisbane Box,10
2016,SoMa, American Ash,29
2016,South Beach, American Sweet Gum,13
2016,Sunset, Acacia: Silver Wattle,6
2016,Taraval, Australian Tea Tree,10
2016,Tenderloin, Banyan Fig,16
2016,Twin Peaks, Australian Tea Tree,7
2017,Bayshore, Brisbane Box,17
2017,Bayview, Armstrong Red Maple,50
2017,Castro, Australian Tea Tree,5
2017,Chinatown, Chinese Elm,1
2017,Financial District, Indian Laurel Fig Tree 'Green Gem',4
2017,Ingleside, American sycamore,56
2017,Inner Richmond, Blackwood Acacia,3
2017,Lake Merced, Apricot,12
2017,Lower Pacific Heights, Armstrong Red Maple,6
2017,Marina, Blackwood Acacia,2
2017,Mission, Australian Willow,9
2017,Nob Hill, Brisbane Box,8
2017,North Beach, Bailey's Acacia,5
2017,Outer Richmond, Blackwood Acacia,7
2017,Panhandle, American Sweet Gum,8
2017,Portola, Cherry Plum,2
2017,Rincon Hill, Brisbane Box,8
2017,SoMa, Armstrong Red Maple,46
2017,South Beach, American Sweet Gum,13
2017,Sunset, Blackwood Acacia,17
2017,Taraval, Bronze Loquat,6
2017,Tenderloin, Brisbane Box,12
2017,Twin Peaks, Bailey's Acacia,11
2018,Bayshore, Australian Willow,5
2018,Bayview, Brisbane Box,7
2018,Castro, Australian Tea Tree,7
2018,Chinatown, Indian Laurel Fig Tree 'Green Gem',3
2018,Financial District, Brisbane Box,6
2018,Ingleside, Brisbane Box,31
2018,Inner Richmond, Brisbane Box,11
2018,Lake Merced, Black Mission Fig,2
2018,Lower Pacific Heights, Banyan Fig,13
2018,Marina, Australian Willow,4
2018,Mission, Brisbane Box,10
2018,Nob Hill, Blackwood Acacia,6
2018,North Beach, Brisbane Box,7
2018,Outer Richmond, Blackwood Acacia,21
2018,Panhandle, Brisbane Box,3
2018,Portola, Bronze Loquat,4
2018,Rincon Hill, Maidenhair Tree,2
2018,SoMa, Armstrong Red Maple,10
2018,South Beach, Armstrong Red Maple,21
2018,Sunset, American Sweet Gum,7
2018,Taraval, Apple Tree 'Gala',17
2018,Tenderloin, Brisbane Box,16
2018,Twin Peaks, Brisbane Box,6
2019,Bayshore, Brisbane Box,10
2019,Bayview, Australian Willow,10
2019,Castro, California Lilac 'Ray Hartman',7
2019,Financial District, New Zealand Xmas Tree,1
2019,Ingleside, Australian Willow,10
2019,Inner Richmond, Australian Tea Tree,2
2019,Lake Merced, California Buckeye,5
2019,Lower Pacific Heights, Australian Tea Tree,2
2019,Marina, Blackwood Acacia,2
2019,Mission, Brisbane Box,9
2019,Nob Hill, Brisbane Box,8
2019,North Beach, Banyan Fig,3
2019,Outer Richmond, Brisbane Box,11
2019,Panhandle, Brisbane Box,5
2019,Portola, Hybrid Strawberry Tree,2
2019,Rincon Hill, Brisbane Box,8
2019,SoMa, Aristocrat Callery Pear,4
2019,South Beach, Aristocrat Callery Pear,3
2019,Sunset, Brisbane Box,12
2019,Taraval, Australian Tea Tree,9
2019,Tenderloin, American Sweet Gum,8
2019,Twin Peaks, Bronze Loquat,3
2020,Bayshore, Freeman Maple,3
2020,Ingleside, Majestic Beauty Fruitless Olive,7
2020,Lower Pacific Heights, Evergreen Pear,1
2020,Marina, Sweet Bay: Grecian Laurel,3
2020,Mission, Maidenhair Tree,1
2020,Nob Hill, Olive Tree,2
2020,North Beach, Australian Willow,4
2020,Outer Richmond, Brisbane Box,13
2020,Sunset, Brisbane Box,1
2020,Taraval, Fruitless Olive,1
